테스트제목1,테스트글1,456123,2019-04-06 15:24:18.527,,
테스트제목2,테스트글2,456123,2019-04-06 15:24:18.536,,
테스트제목3,테스트글3,456123,2019-04-06 15:24:18.545,,
테스트제목4,테스트글4,456123,2019-04-06 15:24:18.555,,
테스트제목5,테스트글5,456123,2019-04-06 15:24:18.565,,
테스트제목6,테스트글6,456123,2019-04-06 15:24:18.575,,
테스트제목7,테스트글7,456123,2019-04-06 15:24:18.585,,
테스트제목8,테스트글8,456123,2019-04-06 15:24:18.595,,
테스트제목9,테스트글9,456123,2019-04-06 15:24:18.605,,
테스트제목10,테스트글10,456123,2019-04-06 15:24:18.615,,
테스트제목11,테스트글11,456123,2019-04-06 15:24:18.625,,
테스트제목12,테스트글12,456123,2019-04-06 15:24:18.635,,
테스트제목13,테스트글13,456123,2019-04-06 15:24:18.645,,
테스트제목14,테스트글14,456123,2019-04-06 15:24:18.655,,
테스트제목15,테스트글15,456123,2019-04-06 15:24:18.665,,
테스트제목16,테스트글16,456123,2019-04-06 15:24:18.675,,
테스트제목17,테스트글17,456123,2019-04-06 15:24:18.685,,
테스트제목18,테스트글18,456123,2019-04-06 15:24:18.695,,
테스트제목19,테스트글19,456123,2019-04-06 15:24:18.705,,
테스트제목20,테스트글20,456123,2019-04-06 15:24:18.715,,
테스트제목21,테스트글21,456123,2019-04-06 15:24:18.725,,
테스트제목22,테스트글22,456123,2019-04-06 15:24:18.735,,
테스트제목23,테스트글23,456123,2019-04-06 15:24:18.745,,
테스트제목24,테스트글24,456123,2019-04-06 15:24:18.755,,
테스트제목25,테스트글25,456123,2019-04-06 15:24:18.765,,
테스트제목26,테스트글26,456123,2019-04-06 15:24:18.775,,
테스트제목27,테스트글27,456123,2019-04-06 15:24:18.785,,
테스트제목28,테스트글28,456123,2019-04-06 15:24:18.795,,
테스트제목29,테스트글29,456123,2019-04-06 15:24:18.805,,
테스트제목30,테스트글30,456123,2019-04-06 15:24:18.815,,
테스트제목31,테스트글31,456123,2019-04-06 15:24:18.825,,
테스트제목32,테스트글32,456123,2019-04-06 15:24:18.835,,
테스트제목33,테스트글33,456123,2019-04-06 15:24:18.845,,
테스트제목34,테스트글34,456123,2019-04-06 15:24:18.855,,
테스트제목35,테스트글35,456123,2019-04-06 15:24:18.865,,
테스트제목36,테스트글36,456123,2019-04-06 15:24:18.875,,
테스트제목37,테스트글37,456123,2019-04-06 15:24:18.885,,
테스트제목38,테스트글38,456123,2019-04-06 15:24:18.895,,
테스트제목39,테스트글39,456123,2019-04-06 15:24:18.905,,
테스트제목40,테스트글40,456123,2019-04-06 15:24:18.915,,
테스트제목41,테스트글41,456123,2019-04-06 15:24:18.925,,
테스트제목42,테스트글42,456123,2019-04-06 15:24:18.935,,
테스트제목43,테스트글43,456123,2019-04-06 15:24:18.945,,
테스트제목44,테스트글44,456123,2019-04-06 15:24:18.955,,
테스트제목45,테스트글45,456123,2019-04-06 15:24:18.965,,
테스트제목46,테스트글46,456123,2019-04-06 15:24:18.975,,
테스트제목47,테스트글47,456123,2019-04-06 15:24:18.985,,
테스트제목48,테스트글48,456123,2019-04-06 15:24:18.995,,
테스트제목49,테스트글49,456123,2019-04-06 15:24:19.005,,
테스트제목50,테스트글50,456123,2019-04-06 15:24:19.015,,
테스트제목51,테스트글51,456123,2019-04-06 15:24:19.025,,
테스트제목52,테스트글52,456123,2019-04-06 15:24:19.035,,
테스트제목53,테스트글53,456123,2019-04-06 15:24:19.045,,
테스트제목54,테스트글54,456123,2019-04-06 15:24:19.055,,
테스트제목55,테스트글55,456123,2019-04-06 15:24:19.065,,
테스트제목56,테스트글56,456123,2019-04-06 15:24:19.075,,
테스트제목57,테스트글57,456123,2019-04-06 15:24:19.085,,
테스트제목58,테스트글58,456123,2019-04-06 15:24:19.095,,
테스트제목59,테스트글59,456123,2019-04-06 15:24:19.105,,
테스트제목60,테스트글60,456123,2019-04-06 15:24:19.115,,
테스트제목61,테스트글61,456123,2019-04-06 15:24:19.125,,
테스트제목62,테스트글62,456123,2019-04-06 15:24:19.135,,
테스트제목63,테스트글63,456123,2019-04-06 15:24:19.145,,
테스트제목64,테스트글64,456123,2019-04-06 15:24:19.155,,
테스트제목65,테스트글65,456123,2019-04-06 15:24:19.165,,
테스트제목66,테스트글66,456123,2019-04-06 15:24:19.175,,
테스트제목67,테스트글67,456123,2019-04-06 15:24:19.185,,
테스트제목68,테스트글68,456123,2019-04-06 15:24:19.195,,
테스트제목69,테스트글69,456123,2019-04-06 15:24:19.205,,
테스트제목70,테스트글70,456123,2019-04-06 15:24:19.215,,
테스트제목71,테스트글71,456123,2019-04-06 15:24:19.225,,
테스트제목72,테스트글72,456123,2019-04-06 15:24:19.235,,
테스트제목73,테스트글73,456123,2019-04-06 15:24:19.245,,
테스트제목74,테스트글74,456123,2019-04-06 15:24:19.255,,
테스트제목75,테스트글75,456123,2019-04-06 15:24:19.265,,
테스트제목76,테스트글76,456123,2019-04-06 15:24:19.275,,
테스트제목77,테스트글77,456123,2019-04-06 15:24:19.285,,
테스트제목78,테스트글78,456123,2019-04-06 15:24:19.295,,
테스트제목79,테스트글79,456123,2019-04-06 15:24:19.305,,
테스트제목80,테스트글80,456123,2019-04-06 15:24:19.315,,
테스트제목81,테스트글81,456123,2019-04-06 15:24:19.325,,
테스트제목82,테스트글82,456123,2019-04-06 15:24:19.335,,
테스트제목83,테스트글83,456123,2019-04-06 15:24:19.345,,
테스트제목84,테스트글84,456123,2019-04-06 15:24:19.355,,
테스트제목85,테스트글85,456123,2019-04-06 15:24:19.365,,
테스트제목86,테스트글86,456123,2019-04-06 15:24:19.375,,
테스트제목87,테스트글87,456123,2019-04-06 15:24:19.385,,
테스트제목88,테스트글88,456123,2019-04-06 15:24:19.395,,
테스트제목89,테스트글89,456123,2019-04-06 15:24:19.405,,
테스트제목90,테스트글90,456123,2019-04-06 15:24:19.415,,
테스트제목91,테스트글91,456123,2019-04-06 15:24:19.425,,
테스트제목92,테스트글92,456123,2019-04-06 15:24:19.435,,
테스트제목93,테스트글93,456123,2019-04-06 15:24:19.445,,
테스트제목94,테스트글94,456123,2019-04-06 15:24:19.455,,
테스트제목95,테스트글95,456123,2019-04-06 15:24:19.465,,
테스트제목96,테스트글96,456123,2019-04-06 15:24:19.475,,
테스트제목97,테스트글97,456123,2019-04-06 15:24:19.485,,
테스트제목98,테스트글98,456123,2019-04-06 15:24:19.495,,
테스트제목99,테스트글99,456123,2019-04-06 15:24:19.505,,
테스트제목100,테스트글100,456123,2019-04-06 15:24:19.515,,
테스트제목101,테스트글101,456123,2019-04-06 15:24:19.525,,
테스트제목102,테스트글102,456123,2019-04-06 15:24:19.535,,
테스트제목103,테스트글103,456123,2019-04-06 15:24:19.545,,
테스트제목104,테스트글104,456123,2019-04-06 15:24:19.555,,
테스트제목105,테스트글105,456123,2019-04-06 15:24:19.565,,
테스트제목106,테스트글106,456123,2019-04-06 15:24:19.575,,
테스트제목107,테스트글107,456123,2019-04-06 15:24:19.585,,
테스트제목108,테스트글108,456123,2019-04-06 15:24:19.595,,
테스트제목109,테스트글109,456123,2019-04-06 15:24:19.605,,
테스트제목110,테스트글110,456123,2019-04-06 15:24:19.615,,
테스트제목111,테스트글111,456123,2019-04-06 15:24:19.625,,
테스트제목112,테스트글112,456123,2019-04-06 15:24:19.635,,
테스트제목113,테스트글113,456123,2019-04-06 15:24:19.645,,
테스트제목114,테스트글114,456123,2019-04-06 15:24:19.655,,
테스트제목115,테스트글115,456123,2019-04-06 15:24:19.665,,
테스트제목116,테스트글116,456123,2019-04-06 15:24:19.675,,
테스트제목117,테스트글117,456123,2019-04-06 15:24:19.685,,
테스트제목118,테스트글118,456123,2019-04-06 15:24:19.695,,
테스트제목119,테스트글119,456123,2019-04-06 15:24:19.705,,
테스트제목120,테스트글120,456123,2019-04-06 15:24:19.715,,
테스트제목121,테스트글121,456123,2019-04-06 15:24:19.725,,
테스트제목122,테스트글122,456123,2019-04-06 15:24:19.735,,
테스트제목123,테스트글123,456123,2019-04-06 15:24:19.745,,
테스트제목124,테스트글124,456123,2019-04-06 15:24:19.755,,
테스트제목125,테스트글125,456123,2019-04-06 15:24:19.765,,
테스트제목126,테스트글126,456123,2019-04-06 15:24:19.775,,
테스트제목127,테스트글127,456123,2019-04-06 15:24:19.785,,
테스트제목128,테스트글128,456123,2019-04-06 15:24:19.795,,
테스트제목129,테스트글129,456123,2019-04-06 15:24:19.805,,
테스트제목130,테스트글130,456123,2019-04-06 15:24:19.815,,
테스트제목131,테스트글131,456123,2019-04-06 15:24:19.825,,
테스트제목132,테스트글132,456123,2019-04-06 15:24:19.835,,
테스트제목133,테스트글133,456123,2019-04-06 15:24:19.845,,
테스트제목134,테스트글134,456123,2019-04-06 15:24:19.855,,
테스트제목135,테스트글135,456123,2019-04-06 15:24:19.865,,
테스트제목136,테스트글136,456123,2019-04-06 15:24:19.875,,
테스트제목137,테스트글137,456123,2019-04-06 15:24:19.885,,
테스트제목138,테스트글138,456123,2019-04-06 15:24:19.895,,
테스트제목139,테스트글139,456123,2019-04-06 15:24:19.905,,
테스트제목140,테스트글140,456123,2019-04-06 15:24:19.915,,
테스트제목141,테스트글141,456123,2019-04-06 15:24:19.925,,
테스트제목142,테스트글142,456123,2019-04-06 15:24:19.935,,
테스트제목143,테스트글143,456123,2019-04-06 15:24:19.945,,
테스트제목144,테스트글144,456123,2019-04-06 15:24:19.955,,
테스트제목145,테스트글145,456123,2019-04-06 15:24:19.965,,
테스트제목146,테스트글146,456123,2019-04-06 15:24:19.975,,
테스트제목147,테스트글147,456123,2019-04-06 15:24:19.985,,
테스트제목148,테스트글148,456123,2019-04-06 15:24:19.995,,
테스트제목149,테스트글149,456123,2019-04-06 15:24:20.005,,
테스트제목150,테스트글150,456123,2019-04-06 15:24:20.015,,
테스트제목151,테스트글151,456123,2019-04-06 15:24:20.025,,
테스트제목152,테스트글152,456123,2019-04-06 15:24:20.035,,
테스트제목153,테스트글153,456123,2019-04-06 15:24:20.045,,
테스트제목154,테스트글154,456123,2019-04-06 15:24:20.055,,
테스트제목155,테스트글155,456123,2019-04-06 15:24:20.065,,
테스트제목156,테스트글156,456123,2019-04-06 15:24:20.075,,
테스트제목157,테스트글157,456123,2019-04-06 15:24:20.085,,
테스트제목158,테스트글158,456123,2019-04-06 15:24:20.095,,
테스트제목159,테스트글159,456123,2019-04-06 15:24:20.105,,
테스트제목160,테스트글160,456123,2019-04-06 15:24:20.115,,
테스트제목161,테스트글161,456123,2019-04-06 15:24:20.125,,
테스트제목162,테스트글162,456123,2019-04-06 15:24:20.135,,
테스트제목163,테스트글163,456123,2019-04-06 15:24:20.145,,
테스트제목164,테스트글164,456123,2019-04-06 15:24:20.155,,
테스트제목165,테스트글165,456123,2019-04-06 15:24:20.165,,
테스트제목166,테스트글166,456123,2019-04-06 15:24:20.175,,
테스트제목167,테스트글167,456123,2019-04-06 15:24:20.185,,
테스트제목168,테스트글168,456123,2019-04-06 15:24:20.195,,
테스트제목169,테스트글169,456123,2019-04-06 15:24:20.205,,
테스트제목170,테스트글170,456123,2019-04-06 15:24:20.215,,
테스트제목171,테스트글171,456123,2019-04-06 15:24:20.225,,
테스트제목172,테스트글172,456123,2019-04-06 15:24:20.235,,
테스트제목173,테스트글173,456123,2019-04-06 15:24:20.245,,
테스트제목174,테스트글174,456123,2019-04-06 15:24:20.255,,
테스트제목175,테스트글175,456123,2019-04-06 15:24:20.265,,
테스트제목176,테스트글176,456123,2019-04-06 15:24:20.275,,
테스트제목177,테스트글177,456123,2019-04-06 15:24:20.285,,
테스트제목178,테스트글178,456123,2019-04-06 15:24:20.295,,
테스트제목179,테스트글179,456123,2019-04-06 15:24:20.305,,
테스트제목180,테스트글180,456123,2019-04-06 15:24:20.315,,
테스트제목181,테스트글181,456123,2019-04-06 15:24:20.325,,
테스트제목182,테스트글182,456123,2019-04-06 15:24:20.335,,
테스트제목183,테스트글183,456123,2019-04-06 15:24:20.345,,
테스트제목184,테스트글184,456123,2019-04-06 15:24:20.355,,
테스트제목185,테스트글185,456123,2019-04-06 15:24:20.365,,
테스트제목186,테스트글186,456123,2019-04-06 15:24:20.375,,
테스트제목187,테스트글187,456123,2019-04-06 15:24:20.385,,
테스트제목188,테스트글188,456123,2019-04-06 15:24:20.395,,
테스트제목189,테스트글189,456123,2019-04-06 15:24:20.405,,
테스트제목190,테스트글190,456123,2019-04-06 15:24:20.415,,
테스트제목191,테스트글191,456123,2019-04-06 15:24:20.425,,
테스트제목192,테스트글192,456123,2019-04-06 15:24:20.435,,
테스트제목193,테스트글193,456123,2019-04-06 15:24:20.445,,
테스트제목194,테스트글194,456123,2019-04-06 15:24:20.455,,
테스트제목195,테스트글195,456123,2019-04-06 15:24:20.465,,
테스트제목196,테스트글196,456123,2019-04-06 15:24:20.475,,
테스트제목197,테스트글197,456123,2019-04-06 15:24:20.485,,
테스트제목198,테스트글198,456123,2019-04-06 15:24:20.495,,
테스트제목199,테스트글199,456123,2019-04-06 15:24:20.505,,
테스트제목200,테스트글200,456123,2019-04-06 15:24:20.515,,
테스트제목201,테스트글201,456123,2019-04-06 15:24:20.525,,
테스트제목202,테스트글202,456123,2019-04-06 15:24:20.535,,
테스트제목203,테스트글203,456123,2019-04-06 15:24:20.545,,
테스트제목204,테스트글204,456123,2019-04-06 15:24:20.555,,
테스트제목205,테스트글205,456123,2019-04-06 15:24:20.565,,
테스트제목206,테스트글206,456123,2019-04-06 15:24:20.575,,
테스트제목207,테스트글207,456123,2019-04-06 15:24:20.585,,
테스트제목208,테스트글208,456123,2019-04-06 15:24:20.595,,
테스트제목209,테스트글209,456123,2019-04-06 15:24:20.605,,
테스트제목210,테스트글210,456123,2019-04-06 15:24:20.615,,
테스트제목211,테스트글211,456123,2019-04-06 15:24:20.625,,
테스트제목212,테스트글212,456123,2019-04-06 15:24:20.635,,
테스트제목213,테스트글213,456123,2019-04-06 15:24:20.645,,
테스트제목214,테스트글214,456123,2019-04-06 15:24:20.655,,
테스트제목215,테스트글215,456123,2019-04-06 15:24:20.665,,
테스트제목216,테스트글216,456123,2019-04-06 15:24:20.675,,
테스트제목217,테스트글217,456123,2019-04-06 15:24:20.685,,
테스트제목218,테스트글218,456123,2019-04-06 15:24:20.695,,
테스트제목219,테스트글219,456123,2019-04-06 15:24:20.705,,
테스트제목220,테스트글220,456123,2019-04-06 15:24:20.715,,
테스트제목221,테스트글221,456123,2019-04-06 15:24:20.725,,
테스트제목222,테스트글222,456123,2019-04-06 15:24:20.735,,
테스트제목223,테스트글223,456123,2019-04-06 15:24:20.745,,
테스트제목224,테스트글224,456123,2019-04-06 15:24:20.755,,
테스트제목225,테스트글225,456123,2019-04-06 15:24:20.765,,
테스트제목226,테스트글226,456123,2019-04-06 15:24:20.775,,
테스트제목227,테스트글227,456123,2019-04-06 15:24:20.785,,
테스트제목228,테스트글228,456123,2019-04-06 15:24:20.795,,
테스트제목229,테스트글229,456123,2019-04-06 15:24:20.805,,
테스트제목230,테스트글230,456123,2019-04-06 15:24:20.815,,
테스트제목231,테스트글231,456123,2019-04-06 15:24:20.825,,
테스트제목232,테스트글232,456123,2019-04-06 15:24:20.835,,
테스트제목233,테스트글233,456123,2019-04-06 15:24:20.845,,
테스트제목234,테스트글234,456123,2019-04-06 15:24:20.855,,
테스트제목235,테스트글235,456123,2019-04-06 15:24:20.865,,
테스트제목236,테스트글236,456123,2019-04-06 15:24:20.875,,
테스트제목237,테스트글237,456123,2019-04-06 15:24:20.885,,
테스트제목238,테스트글238,456123,2019-04-06 15:24:20.895,,
테스트제목239,테스트글239,456123,2019-04-06 15:24:20.905,,
테스트제목240,테스트글240,456123,2019-04-06 15:24:20.915,,
테스트제목241,테스트글241,456123,2019-04-06 15:24:20.925,,
테스트제목242,테스트글242,456123,2019-04-06 15:24:20.935,,
테스트제목243,테스트글243,456123,2019-04-06 15:24:20.945,,
테스트제목244,테스트글244,456123,2019-04-06 15:24:20.955,,
테스트제목245,테스트글245,456123,2019-04-06 15:24:20.965,,
테스트제목246,테스트글246,456123,2019-04-06 15:24:20.975,,
테스트제목247,테스트글247,456123,2019-04-06 15:24:20.985,,
테스트제목248,테스트글248,456123,2019-04-06 15:24:20.995,,
테스트제목249,테스트글249,456123,2019-04-06 15:24:21.005,,
테스트제목250,테스트글250,456123,2019-04-06 15:24:21.015,,
테스트제목251,테스트글251,456123,2019-04-06 15:24:21.025,,
테스트제목252,테스트글252,456123,2019-04-06 15:24:21.035,,
테스트제목253,테스트글253,456123,2019-04-06 15:24:21.045,,
테스트제목254,테스트글254,456123,2019-04-06 15:24:21.055,,
테스트제목255,테스트글255,456123,2019-04-06 15:24:21.065,,
테스트제목256,테스트글256,456123,2019-04-06 15:24:21.075,,
테스트제목257,테스트글257,456123,2019-04-06 15:24:21.085,,
테스트제목258,테스트글258,456123,2019-04-06 15:24:21.095,,
테스트제목259,테스트글259,456123,2019-04-06 15:24:21.105,,
테스트제목260,테스트글260,456123,2019-04-06 15:24:21.115,,
테스트제목261,테스트글261,456123,2019-04-06 15:24:21.125,,
테스트제목262,테스트글262,456123,2019-04-06 15:24:21.135,,
테스트제목263,테스트글263,456123,2019-04-06 15:24:21.145,,
테스트제목264,테스트글264,456123,2019-04-06 15:24:21.155,,
테스트제목265,테스트글265,456123,2019-04-06 15:24:21.165,,
테스트제목266,테스트글266,456123,2019-04-06 15:24:21.175,,
테스트제목267,테스트글267,456123,2019-04-06 15:24:21.185,,
테스트제목268,테스트글268,456123,2019-04-06 15:24:21.195,,
테스트제목269,테스트글269,456123,2019-04-06 15:24:21.205,,
테스트제목270,테스트글270,456123,2019-04-06 15:24:21.215,,
테스트제목271,테스트글271,456123,2019-04-06 15:24:21.225,,
테스트제목272,테스트글272,456123,2019-04-06 15:24:21.235,,
테스트제목273,테스트글273,456123,2019-04-06 15:24:21.245,,
테스트제목274,테스트글274,456123,2019-04-06 15:24:21.255,,
테스트제목275,테스트글275,456123,2019-04-06 15:24:21.265,,
테스트제목276,테스트글276,456123,2019-04-06 15:24:21.275,,
테스트제목277,테스트글277,456123,2019-04-06 15:24:21.285,,
테스트제목278,테스트글278,456123,2019-04-06 15:24:21.295,,
테스트제목279,테스트글279,456123,2019-04-06 15:24:21.305,,
테스트제목280,테스트글280,456123,2019-04-06 15:24:21.315,,
테스트제목281,테스트글281,456123,2019-04-06 15:24:21.325,,
테스트제목282,테스트글282,456123,2019-04-06 15:24:21.335,,
테스트제목283,테스트글283,456123,2019-04-06 15:24:21.345,,
테스트제목284,테스트글284,456123,2019-04-06 15:24:21.355,,
테스트제목285,테스트글285,456123,2019-04-06 15:24:21.365,,
테스트제목286,테스트글286,456123,2019-04-06 15:24:21.375,,
테스트제목287,테스트글287,456123,2019-04-06 15:24:21.385,,
테스트제목288,테스트글288,456123,2019-04-06 15:24:21.395,,
테스트제목289,테스트글289,456123,2019-04-06 15:24:21.405,,
테스트제목290,테스트글290,456123,2019-04-06 15:24:21.415,,
테스트제목291,테스트글291,456123,2019-04-06 15:24:21.425,,
테스트제목292,테스트글292,456123,2019-04-06 15:24:21.435,,
테스트제목293,테스트글293,456123,2019-04-06 15:24:21.445,,
테스트제목294,테스트글294,456123,2019-04-06 15:24:21.455,,
테스트제목295,테스트글295,456123,2019-04-06 15:24:21.465,,
테스트제목296,테스트글296,456123,2019-04-06 15:24:21.475,,
테스트제목297,테스트글297,456123,2019-04-06 15:24:21.485,,
테스트제목298,테스트글298,456123,2019-04-06 15:24:21.495,,
테스트제목299,테스트글299,456123,2019-04-06 15:24:21.505,,
테스트제목300,테스트글300,456123,2019-04-06 15:24:21.515,,
테스트제목301,테스트글301,456123,2019-04-06 15:24:21.525,,
테스트제목302,테스트글302,456123,2019-04-06 15:24:21.535,,
테스트제목303,테스트글303,456123,2019-04-06 15:24:21.545,,
테스트제목304,테스트글304,456123,2019-04-06 15:24:21.555,,
테스트제목305,테스트글305,456123,2019-04-06 15:24:21.565,,
테스트제목306,테스트글306,456123,2019-04-06 15:24:21.575,,
테스트제목307,테스트글307,456123,2019-04-06 15:24:21.585,,
테스트제목308,테스트글308,456123,2019-04-06 15:24:21.595,,
테스트제목309,테스트글309,456123,2019-04-06 15:24:21.605,,
테스트제목310,테스트글310,456123,2019-04-06 15:24:21.615,,
테스트제목311,테스트글311,456123,2019-04-06 15:24:21.625,,
테스트제목312,테스트글312,456123,2019-04-06 15:24:21.635,,
테스트제목313,테스트글313,456123,2019-04-06 15:24:21.645,,
테스트제목314,테스트글314,456123,2019-04-06 15:24:21.655,,
테스트제목315,테스트글315,456123,2019-04-06 15:24:21.665,,
테스트제목316,테스트글316,456123,2019-04-06 15:24:21.675,,
테스트제목317,테스트글317,456123,2019-04-06 15:24:21.685,,
테스트제목318,테스트글318,456123,2019-04-06 15:24:21.695,,
테스트제목319,테스트글319,456123,2019-04-06 15:24:21.705,,
테스트제목320,테스트글320,456123,2019-04-06 15:24:21.715,,
테스트제목321,테스트글321,456123,2019-04-06 15:24:21.725,,
테스트제목322,테스트글322,456123,2019-04-06 15:24:21.735,,
테스트제목323,테스트글323,456123,2019-04-06 15:24:21.745,,
테스트제목324,테스트글324,456123,2019-04-06 15:24:21.755,,
테스트제목325,테스트글325,456123,2019-04-06 15:24:21.765,,
테스트제목326,테스트글326,456123,2019-04-06 15:24:21.775,,
테스트제목327,테스트글327,456123,2019-04-06 15:24:21.785,,
테스트제목328,테스트글328,456123,2019-04-06 15:24:21.795,,
테스트제목329,테스트글329,456123,2019-04-06 15:24:21.805,,
테스트제목330,테스트글330,456123,2019-04-06 15:24:21.815,,
테스트제목331,테스트글331,456123,2019-04-06 15:24:21.825,,
테스트제목332,테스트글332,456123,2019-04-06 15:24:21.835,,
테스트제목333,테스트글333,456123,2019-04-06 15:24:21.845,,
테스트제목334,테스트글334,456123,2019-04-06 15:24:21.855,,
테스트제목335,테스트글335,456123,2019-04-06 15:24:21.865,,
테스트제목336,테스트글336,456123,2019-04-06 15:24:21.875,,
테스트제목337,테스트글337,456123,2019-04-06 15:24:21.885,,
테스트제목338,테스트글338,456123,2019-04-06 15:24:21.895,,
테스트제목339,테스트글339,456123,2019-04-06 15:24:21.905,,
테스트제목340,테스트글340,456123,2019-04-06 15:24:21.915,,
테스트제목341,테스트글341,456123,2019-04-06 15:24:21.925,,
테스트제목342,테스트글342,456123,2019-04-06 15:24:21.935,,
테스트제목343,테스트글343,456123,2019-04-06 15:24:21.945,,
테스트제목344,테스트글344,456123,2019-04-06 15:24:21.955,,
테스트제목345,테스트글345,456123,2019-04-06 15:24:21.965,,
테스트제목346,테스트글346,456123,2019-04-06 15:24:21.975,,
테스트제목347,테스트글347,456123,2019-04-06 15:24:21.985,,
테스트제목348,테스트글348,456123,2019-04-06 15:24:21.995,,
테스트제목349,테스트글349,456123,2019-04-06 15:24:22.005,,
테스트제목350,테스트글350,456123,2019-04-06 15:24:22.015,,
테스트제목351,테스트글351,456123,2019-04-06 15:24:22.025,,
테스트제목352,테스트글352,456123,2019-04-06 15:24:22.035,,
테스트제목353,테스트글353,456123,2019-04-06 15:24:22.045,,
테스트제목354,테스트글354,456123,2019-04-06 15:24:22.055,,
테스트제목355,테스트글355,456123,2019-04-06 15:24:22.065,,
테스트제목356,테스트글356,456123,2019-04-06 15:24:22.075,,
테스트제목357,테스트글357,456123,2019-04-06 15:24:22.085,,
테스트제목358,테스트글358,456123,2019-04-06 15:24:22.095,,
테스트제목359,테스트글359,456123,2019-04-06 15:24:22.105,,
테스트제목360,테스트글360,456123,2019-04-06 15:24:22.115,,
테스트제목361,테스트글361,456123,2019-04-06 15:24:22.125,,
테스트제목362,테스트글362,456123,2019-04-06 15:24:22.135,,
테스트제목363,테스트글363,456123,2019-04-06 15:24:22.145,,
테스트제목364,테스트글364,456123,2019-04-06 15:24:22.155,,
테스트제목365,테스트글365,456123,2019-04-06 15:24:22.165,,
테스트제목366,테스트글366,456123,2019-04-06 15:24:22.175,,
테스트제목367,테스트글367,456123,2019-04-06 15:24:22.185,,
테스트제목368,테스트글368,456123,2019-04-06 15:24:22.195,,
테스트제목369,테스트글369,456123,2019-04-06 15:24:22.205,,
테스트제목370,테스트글370,456123,2019-04-06 15:24:22.215,,
테스트제목371,테스트글371,456123,2019-04-06 15:24:22.225,,
테스트제목372,테스트글372,456123,2019-04-06 15:24:22.235,,
테스트제목373,테스트글373,456123,2019-04-06 15:24:22.245,,
테스트제목374,테스트글374,456123,2019-04-06 15:24:22.255,,
테스트제목375,테스트글375,456123,2019-04-06 15:24:22.265,,
테스트제목376,테스트글376,456123,2019-04-06 15:24:22.275,,
테스트제목377,테스트글377,456123,2019-04-06 15:24:22.285,,
테스트제목378,테스트글378,456123,2019-04-06 15:24:22.295,,
테스트제목379,테스트글379,456123,2019-04-06 15:24:22.305,,
테스트제목380,테스트글380,456123,2019-04-06 15:24:22.315,,
테스트제목381,테스트글381,456123,2019-04-06 15:24:22.325,,
테스트제목382,테스트글382,456123,2019-04-06 15:24:22.335,,
테스트제목383,테스트글383,456123,2019-04-06 15:24:22.345,,
테스트제목384,테스트글384,456123,2019-04-06 15:24:22.355,,
테스트제목385,테스트글385,456123,2019-04-06 15:24:22.365,,
테스트제목386,테스트글386,456123,2019-04-06 15:24:22.375,,
테스트제목387,테스트글387,456123,2019-04-06 15:24:22.385,,
테스트제목388,테스트글388,456123,2019-04-06 15:24:22.395,,
테스트제목389,테스트글389,456123,2019-04-06 15:24:22.405,,
테스트제목390,테스트글390,456123,2019-04-06 15:24:22.415,,
테스트제목391,테스트글391,456123,2019-04-06 15:24:22.425,,
테스트제목392,테스트글392,456123,2019-04-06 15:24:22.435,,
테스트제목393,테스트글393,456123,2019-04-06 15:24:22.445,,
테스트제목394,테스트글394,456123,2019-04-06 15:24:22.455,,
테스트제목395,테스트글395,456123,2019-04-06 15:24:22.465,,
테스트제목396,테스트글396,456123,2019-04-06 15:24:22.475,,
테스트제목397,테스트글397,456123,2019-04-06 15:24:22.485,,
테스트제목398,테스트글398,456123,2019-04-06 15:24:22.495,,
테스트제목399,테스트글399,456123,2019-04-06 15:24:22.505,,
테스트제목400,테스트글400,456123,2019-04-06 15:24:22.515,,
테스트제목401,테스트글401,456123,2019-04-06 15:24:22.525,,
테스트제목402,테스트글402,456123,2019-04-06 15:24:22.535,,
테스트제목403,테스트글403,456123,2019-04-06 15:24:22.545,,
테스트제목404,테스트글404,456123,2019-04-06 15:24:22.555,,
테스트제목405,테스트글405,456123,2019-04-06 15:24:22.565,,
테스트제목406,테스트글406,456123,2019-04-06 15:24:22.575,,
테스트제목407,테스트글407,456123,2019-04-06 15:24:22.585,,
테스트제목408,테스트글408,456123,2019-04-06 15:24:22.595,,
테스트제목409,테스트글409,456123,2019-04-06 15:24:22.605,,
테스트제목410,테스트글410,456123,2019-04-06 15:24:22.615,,
테스트제목411,테스트글411,456123,2019-04-06 15:24:22.625,,
테스트제목412,테스트글412,456123,2019-04-06 15:24:22.635,,
테스트제목413,테스트글413,456123,2019-04-06 15:24:22.645,,
테스트제목414,테스트글414,456123,2019-04-06 15:24:22.655,,
테스트제목415,테스트글415,456123,2019-04-06 15:24:22.665,,
테스트제목416,테스트글416,456123,2019-04-06 15:24:22.675,,
테스트제목417,테스트글417,456123,2019-04-06 15:24:22.685,,
테스트제목418,테스트글418,456123,2019-04-06 15:24:22.695,,
테스트제목419,테스트글419,456123,2019-04-06 15:24:22.705,,
테스트제목420,테스트글420,456123,2019-04-06 15:24:22.715,,
테스트제목421,테스트글421,456123,2019-04-06 15:24:22.725,,
테스트제목422,테스트글422,456123,2019-04-06 15:24:22.735,,
테스트제목423,테스트글423,456123,2019-04-06 15:24:22.745,,
테스트제목424,테스트글424,456123,2019-04-06 15:24:22.755,,
테스트제목425,테스트글425,456123,2019-04-06 15:24:22.765,,
테스트제목426,테스트글426,456123,2019-04-06 15:24:22.775,,
테스트제목427,테스트글427,456123,2019-04-06 15:24:22.785,,
테스트제목428,테스트글428,456123,2019-04-06 15:24:22.795,,
테스트제목429,테스트글429,456123,2019-04-06 15:24:22.805,,
테스트제목430,테스트글430,456123,2019-04-06 15:24:22.815,,
테스트제목431,테스트글431,456123,2019-04-06 15:24:22.825,,
테스트제목432,테스트글432,456123,2019-04-06 15:24:22.835,,
테스트제목433,테스트글433,456123,2019-04-06 15:24:22.845,,
테스트제목434,테스트글434,456123,2019-04-06 15:24:22.855,,
테스트제목435,테스트글435,456123,2019-04-06 15:24:22.865,,
테스트제목436,테스트글436,456123,2019-04-06 15:24:22.875,,
테스트제목437,테스트글437,456123,2019-04-06 15:24:22.885,,
테스트제목438,테스트글438,456123,2019-04-06 15:24:22.895,,
테스트제목439,테스트글439,456123,2019-04-06 15:24:22.905,,
테스트제목440,테스트글440,456123,2019-04-06 15:24:22.915,,
테스트제목441,테스트글441,456123,2019-04-06 15:24:22.925,,
테스트제목442,테스트글442,456123,2019-04-06 15:24:22.935,,
테스트제목443,테스트글443,456123,2019-04-06 15:24:22.945,,
테스트제목444,테스트글444,456123,2019-04-06 15:24:22.955,,
테스트제목445,테스트글445,456123,2019-04-06 15:24:22.965,,
테스트제목446,테스트글446,456123,2019-04-06 15:24:22.975,,
테스트제목447,테스트글447,456123,2019-04-06 15:24:22.985,,
테스트제목448,테스트글448,456123,2019-04-06 15:24:22.995,,
테스트제목449,테스트글449,456123,2019-04-06 15:24:23.005,,
테스트제목450,테스트글450,456123,2019-04-06 15:24:23.015,,
테스트제목451,테스트글451,456123,2019-04-06 15:24:23.025,,
테스트제목452,테스트글452,456123,2019-04-06 15:24:23.035,,
테스트제목453,테스트글453,456123,2019-04-06 15:24:23.045,,
테스트제목454,테스트글454,456123,2019-04-06 15:24:23.055,,
테스트제목455,테스트글455,456123,2019-04-06 15:24:23.065,,
테스트제목456,테스트글456,456123,2019-04-06 15:24:23.075,,
테스트제목457,테스트글457,456123,2019-04-06 15:24:23.085,,
테스트제목458,테스트글458,456123,2019-04-06 15:24:23.095,,
테스트제목459,테스트글459,456123,2019-04-06 15:24:23.105,,
테스트제목460,테스트글460,456123,2019-04-06 15:24:23.115,,
테스트제목461,테스트글461,456123,2019-04-06 15:24:23.125,,
테스트제목462,테스트글462,456123,2019-04-06 15:24:23.135,,
테스트제목463,테스트글463,456123,2019-04-06 15:24:23.145,,
테스트제목464,테스트글464,456123,2019-04-06 15:24:23.155,,
테스트제목465,테스트글465,456123,2019-04-06 15:24:23.165,,
테스트제목466,테스트글466,456123,2019-04-06 15:24:23.175,,
테스트제목467,테스트글467,456123,2019-04-06 15:24:23.185,,
테스트제목468,테스트글468,456123,2019-04-06 15:24:23.195,,
테스트제목469,테스트글469,456123,2019-04-06 15:24:23.205,,
테스트제목470,테스트글470,456123,2019-04-06 15:24:23.215,,
테스트제목471,테스트글471,456123,2019-04-06 15:24:23.225,,
테스트제목472,테스트글472,456123,2019-04-06 15:24:23.235,,
테스트제목473,테스트글473,456123,2019-04-06 15:24:23.245,,
테스트제목474,테스트글474,456123,2019-04-06 15:24:23.255,,
테스트제목475,테스트글475,456123,2019-04-06 15:24:23.265,,
테스트제목476,테스트글476,456123,2019-04-06 15:24:23.275,,
테스트제목477,테스트글477,456123,2019-04-06 15:24:23.285,,
테스트제목478,테스트글478,456123,2019-04-06 15:24:23.295,,
테스트제목479,테스트글479,456123,2019-04-06 15:24:23.305,,
테스트제목480,테스트글480,456123,2019-04-06 15:24:23.315,,
테스트제목481,테스트글481,456123,2019-04-06 15:24:23.325,,
테스트제목482,테스트글482,456123,2019-04-06 15:24:23.335,,
테스트제목483,테스트글483,456123,2019-04-06 15:24:23.345,,
테스트제목484,테스트글484,456123,2019-04-06 15:24:23.355,,
테스트제목485,테스트글485,456123,2019-04-06 15:24:23.365,,
테스트제목486,테스트글486,456123,2019-04-06 15:24:23.375,,
테스트제목487,테스트글487,456123,2019-04-06 15:24:23.385,,
테스트제목488,테스트글488,456123,2019-04-06 15:24:23.395,,
테스트제목489,테스트글489,456123,2019-04-06 15:24:23.405,,
테스트제목490,테스트글490,456123,2019-04-06 15:24:23.415,,
테스트제목491,테스트글491,456123,2019-04-06 15:24:23.425,,
테스트제목492,테스트글492,456123,2019-04-06 15:24:23.435,,
테스트제목493,테스트글493,456123,2019-04-06 15:24:23.445,,
테스트제목494,테스트글494,456123,2019-04-06 15:24:23.455,,
테스트제목495,테스트글495,456123,2019-04-06 15:24:23.465,,
테스트제목496,테스트글496,456123,2019-04-06 15:24:23.475,,
테스트제목497,테스트글497,456123,2019-04-06 15:24:23.485,,
테스트제목498,테스트글498,456123,2019-04-06 15:24:23.495,,
테스트제목499,테스트글499,456123,2019-04-06 15:24:23.505,,
테스트제목500,테스트글500,456123,2019-04-06 15:24:23.515,,
테스트제목501,테스트글501,456123,2019-04-06 15:24:23.525,,
테스트제목502,테스트글502,456123,2019-04-06 15:24:23.535,,
테스트제목503,테스트글503,456123,2019-04-06 15:24:23.545,,
테스트제목504,테스트글504,456123,2019-04-06 15:24:23.555,,
테스트제목505,테스트글505,456123,2019-04-06 15:24:23.565,,
테스트제목506,테스트글506,456123,2019-04-06 15:24:23.575,,
테스트제목507,테스트글507,456123,2019-04-06 15:24:23.585,,
테스트제목508,테스트글508,456123,2019-04-06 15:24:23.595,,
테스트제목509,테스트글509,456123,2019-04-06 15:24:23.605,,
테스트제목510,테스트글510,456123,2019-04-06 15:24:23.615,,
테스트제목511,테스트글511,456123,2019-04-06 15:24:23.625,,
테스트제목512,테스트글512,456123,2019-04-06 15:24:23.635,,
테스트제목513,테스트글513,456123,2019-04-06 15:24:23.645,,
테스트제목514,테스트글514,456123,2019-04-06 15:24:23.655,,
테스트제목515,테스트글515,456123,2019-04-06 15:24:23.665,,
테스트제목516,테스트글516,456123,2019-04-06 15:24:23.675,,
테스트제목517,테스트글517,456123,2019-04-06 15:24:23.685,,
테스트제목518,테스트글518,456123,2019-04-06 15:24:23.695,,
테스트제목519,테스트글519,456123,2019-04-06 15:24:23.705,,
테스트제목520,테스트글520,456123,2019-04-06 15:24:23.715,,
테스트제목521,테스트글521,456123,2019-04-06 15:24:23.725,,
테스트제목522,테스트글522,456123,2019-04-06 15:24:23.735,,
테스트제목523,테스트글523,456123,2019-04-06 15:24:23.745,,
테스트제목524,테스트글524,456123,2019-04-06 15:24:23.755,,
테스트제목525,테스트글525,456123,2019-04-06 15:24:23.765,,
테스트제목526,테스트글526,456123,2019-04-06 15:24:23.775,,
테스트제목527,테스트글527,456123,2019-04-06 15:24:23.785,,
테스트제목528,테스트글528,456123,2019-04-06 15:24:23.795,,
테스트제목529,테스트글529,456123,2019-04-06 15:24:23.805,,
테스트제목530,테스트글530,456123,2019-04-06 15:24:23.815,,
테스트제목531,테스트글531,456123,2019-04-06 15:24:23.825,,
테스트제목532,테스트글532,456123,2019-04-06 15:24:23.835,,
테스트제목533,테스트글533,456123,2019-04-06 15:24:23.845,,
테스트제목534,테스트글534,456123,2019-04-06 15:24:23.855,,
테스트제목535,테스트글535,456123,2019-04-06 15:24:23.865,,
테스트제목536,테스트글536,456123,2019-04-06 15:24:23.875,,
테스트제목537,테스트글537,456123,2019-04-06 15:24:23.885,,
테스트제목538,테스트글538,456123,2019-04-06 15:24:23.895,,
테스트제목539,테스트글539,456123,2019-04-06 15:24:23.905,,
테스트제목540,테스트글540,456123,2019-04-06 15:24:23.915,,
테스트제목541,테스트글541,456123,2019-04-06 15:24:23.925,,
테스트제목542,테스트글542,456123,2019-04-06 15:24:23.935,,
테스트제목543,테스트글543,456123,2019-04-06 15:24:23.945,,
테스트제목544,테스트글544,456123,2019-04-06 15:24:23.955,,
테스트제목545,테스트글545,456123,2019-04-06 15:24:23.965,,
테스트제목546,테스트글546,456123,2019-04-06 15:24:23.975,,
테스트제목547,테스트글547,456123,2019-04-06 15:24:23.985,,
테스트제목548,테스트글548,456123,2019-04-06 15:24:23.995,,
테스트제목549,테스트글549,456123,2019-04-06 15:24:24.005,,
테스트제목550,테스트글550,456123,2019-04-06 15:24:24.015,,
테스트제목551,테스트글551,456123,2019-04-06 15:24:24.025,,
테스트제목552,테스트글552,456123,2019-04-06 15:24:24.035,,
테스트제목553,테스트글553,456123,2019-04-06 15:24:24.045,,
테스트제목554,테스트글554,456123,2019-04-06 15:24:24.055,,
테스트제목555,테스트글555,456123,2019-04-06 15:24:24.065,,
테스트제목556,테스트글556,456123,2019-04-06 15:24:24.075,,
테스트제목557,테스트글557,456123,2019-04-06 15:24:24.085,,
테스트제목558,테스트글558,456123,2019-04-06 15:24:24.095,,
테스트제목559,테스트글559,456123,2019-04-06 15:24:24.105,,
테스트제목560,테스트글560,456123,2019-04-06 15:24:24.115,,
테스트제목561,테스트글561,456123,2019-04-06 15:24:24.125,,
테스트제목562,테스트글562,456123,2019-04-06 15:24:24.135,,
테스트제목563,테스트글563,456123,2019-04-06 15:24:24.145,,
테스트제목564,테스트글564,456123,2019-04-06 15:24:24.155,,
테스트제목565,테스트글565,456123,2019-04-06 15:24:24.165,,
테스트제목566,테스트글566,456123,2019-04-06 15:24:24.175,,
테스트제목567,테스트글567,456123,2019-04-06 15:24:24.185,,
테스트제목568,테스트글568,456123,2019-04-06 15:24:24.195,,
테스트제목569,테스트글569,456123,2019-04-06 15:24:24.205,,
테스트제목570,테스트글570,456123,2019-04-06 15:24:24.215,,
테스트제목571,테스트글571,456123,2019-04-06 15:24:24.225,,
테스트제목572,테스트글572,456123,2019-04-06 15:24:24.235,,
테스트제목573,테스트글573,456123,2019-04-06 15:24:24.245,,
테스트제목574,테스트글574,456123,2019-04-06 15:24:24.255,,
테스트제목575,테스트글575,456123,2019-04-06 15:24:24.265,,
테스트제목576,테스트글576,456123,2019-04-06 15:24:24.275,,
테스트제목577,테스트글577,456123,2019-04-06 15:24:24.285,,
테스트제목578,테스트글578,456123,2019-04-06 15:24:24.295,,
테스트제목579,테스트글579,456123,2019-04-06 15:24:24.305,,
테스트제목580,테스트글580,456123,2019-04-06 15:24:24.315,,
테스트제목581,테스트글581,456123,2019-04-06 15:24:24.325,,
테스트제목582,테스트글582,456123,2019-04-06 15:24:24.335,,
테스트제목583,테스트글583,456123,2019-04-06 15:24:24.345,,
테스트제목584,테스트글584,456123,2019-04-06 15:24:24.355,,
테스트제목585,테스트글585,456123,2019-04-06 15:24:24.365,,
테스트제목586,테스트글586,456123,2019-04-06 15:24:24.375,,
테스트제목587,테스트글587,456123,2019-04-06 15:24:24.385,,
테스트제목588,테스트글588,456123,2019-04-06 15:24:24.395,,
테스트제목589,테스트글589,456123,2019-04-06 15:24:24.405,,
테스트제목590,테스트글590,456123,2019-04-06 15:24:24.415,,
테스트제목591,테스트글591,456123,2019-04-06 15:24:24.425,,
테스트제목592,테스트글592,456123,2019-04-06 15:24:24.435,,
테스트제목593,테스트글593,456123,2019-04-06 15:24:24.445,,
테스트제목594,테스트글594,456123,2019-04-06 15:24:24.455,,
테스트제목595,테스트글595,456123,2019-04-06 15:24:24.465,,
테스트제목596,테스트글596,456123,2019-04-06 15:24:24.475,,
테스트제목597,테스트글597,456123,2019-04-06 15:24:24.485,,
테스트제목598,테스트글598,456123,2019-04-06 15:24:24.495,,
테스트제목599,테스트글599,456123,2019-04-06 15:24:24.505,,
테스트제목600,테스트글600,456123,2019-04-06 15:24:24.515,,
테스트제목601,테스트글601,456123,2019-04-06 15:24:24.525,,
테스트제목602,테스트글602,456123,2019-04-06 15:24:24.535,,
테스트제목603,테스트글603,456123,2019-04-06 15:24:24.545,,
테스트제목604,테스트글604,456123,2019-04-06 15:24:24.555,,
테스트제목605,테스트글605,456123,2019-04-06 15:24:24.565,,
테스트제목606,테스트글606,456123,2019-04-06 15:24:24.575,,
테스트제목607,테스트글607,456123,2019-04-06 15:24:24.585,,
테스트제목608,테스트글608,456123,2019-04-06 15:24:24.595,,
테스트제목609,테스트글609,456123,2019-04-06 15:24:24.605,,
테스트제목610,테스트글610,456123,2019-04-06 15:24:24.615,,
테스트제목611,테스트글611,456123,2019-04-06 15:24:24.625,,
테스트제목612,테스트글612,456123,2019-04-06 15:24:24.635,,
테스트제목613,테스트글613,456123,2019-04-06 15:24:24.645,,
테스트제목614,테스트글614,456123,2019-04-06 15:24:24.655,,
테스트제목615,테스트글615,456123,2019-04-06 15:24:24.665,,
테스트제목616,테스트글616,456123,2019-04-06 15:24:24.675,,
테스트제목617,테스트글617,456123,2019-04-06 15:24:24.685,,
테스트제목618,테스트글618,456123,2019-04-06 15:24:24.695,,
테스트제목619,테스트글619,456123,2019-04-06 15:24:24.705,,
테스트제목620,테스트글620,456123,2019-04-06 15:24:24.715,,
테스트제목621,테스트글621,456123,2019-04-06 15:24:24.725,,
테스트제목622,테스트글622,456123,2019-04-06 15:24:24.735,,
테스트제목623,테스트글623,456123,2019-04-06 15:24:24.745,,
테스트제목624,테스트글624,456123,2019-04-06 15:24:24.755,,
테스트제목625,테스트글625,456123,2019-04-06 15:24:24.765,,
테스트제목626,테스트글626,456123,2019-04-06 15:24:24.775,,
테스트제목627,테스트글627,456123,2019-04-06 15:24:24.785,,
테스트제목628,테스트글628,456123,2019-04-06 15:24:24.795,,
테스트제목629,테스트글629,456123,2019-04-06 15:24:24.805,,
테스트제목630,테스트글630,456123,2019-04-06 15:24:24.815,,
테스트제목631,테스트글631,456123,2019-04-06 15:24:24.825,,
테스트제목632,테스트글632,456123,2019-04-06 15:24:24.835,,
테스트제목633,테스트글633,456123,2019-04-06 15:24:24.845,,
테스트제목634,테스트글634,456123,2019-04-06 15:24:24.855,,
테스트제목635,테스트글635,456123,2019-04-06 15:24:24.865,,
테스트제목636,테스트글636,456123,2019-04-06 15:24:24.875,,
테스트제목637,테스트글637,456123,2019-04-06 15:24:24.885,,
테스트제목638,테스트글638,456123,2019-04-06 15:24:24.895,,
테스트제목639,테스트글639,456123,2019-04-06 15:24:24.905,,
테스트제목640,테스트글640,456123,2019-04-06 15:24:24.915,,
테스트제목641,테스트글641,456123,2019-04-06 15:24:24.925,,
테스트제목642,테스트글642,456123,2019-04-06 15:24:24.935,,
테스트제목643,테스트글643,456123,2019-04-06 15:24:24.945,,
테스트제목644,테스트글644,456123,2019-04-06 15:24:24.955,,
테스트제목645,테스트글645,456123,2019-04-06 15:24:24.965,,
테스트제목646,테스트글646,456123,2019-04-06 15:24:24.975,,
테스트제목647,테스트글647,456123,2019-04-06 15:24:24.985,,
테스트제목648,테스트글648,456123,2019-04-06 15:24:24.995,,
테스트제목649,테스트글649,456123,2019-04-06 15:24:25.005,,
테스트제목650,테스트글650,456123,2019-04-06 15:24:25.015,,
테스트제목651,테스트글651,456123,2019-04-06 15:24:25.025,,
테스트제목652,테스트글652,456123,2019-04-06 15:24:25.035,,
테스트제목653,테스트글653,456123,2019-04-06 15:24:25.045,,
테스트제목654,테스트글654,456123,2019-04-06 15:24:25.055,,
테스트제목655,테스트글655,456123,2019-04-06 15:24:25.065,,
테스트제목656,테스트글656,456123,2019-04-06 15:24:25.075,,
테스트제목657,테스트글657,456123,2019-04-06 15:24:25.085,,
테스트제목658,테스트글658,456123,2019-04-06 15:24:25.095,,
테스트제목659,테스트글659,456123,2019-04-06 15:24:25.105,,
테스트제목660,테스트글660,456123,2019-04-06 15:24:25.115,,
테스트제목661,테스트글661,456123,2019-04-06 15:24:25.125,,
테스트제목662,테스트글662,456123,2019-04-06 15:24:25.135,,
테스트제목663,테스트글663,456123,2019-04-06 15:24:25.145,,
테스트제목664,테스트글664,456123,2019-04-06 15:24:25.155,,
테스트제목665,테스트글665,456123,2019-04-06 15:24:25.165,,
테스트제목666,테스트글666,456123,2019-04-06 15:24:25.175,,
테스트제목667,테스트글667,456123,2019-04-06 15:24:25.185,,
테스트제목668,테스트글668,456123,2019-04-06 15:24:25.195,,
테스트제목669,테스트글669,456123,2019-04-06 15:24:25.205,,
테스트제목670,테스트글670,456123,2019-04-06 15:24:25.215,,
테스트제목671,테스트글671,456123,2019-04-06 15:24:25.225,,
테스트제목672,테스트글672,456123,2019-04-06 15:24:25.235,,
테스트제목673,테스트글673,456123,2019-04-06 15:24:25.245,,
테스트제목674,테스트글674,456123,2019-04-06 15:24:25.255,,
테스트제목675,테스트글675,456123,2019-04-06 15:24:25.265,,
테스트제목676,테스트글676,456123,2019-04-06 15:24:25.275,,
테스트제목677,테스트글677,456123,2019-04-06 15:24:25.285,,
테스트제목678,테스트글678,456123,2019-04-06 15:24:25.295,,
테스트제목679,테스트글679,456123,2019-04-06 15:24:25.305,,
테스트제목680,테스트글680,456123,2019-04-06 15:24:25.315,,
테스트제목681,테스트글681,456123,2019-04-06 15:24:25.325,,
테스트제목682,테스트글682,456123,2019-04-06 15:24:25.335,,
테스트제목683,테스트글683,456123,2019-04-06 15:24:25.345,,
테스트제목684,테스트글684,456123,2019-04-06 15:24:25.355,,
테스트제목685,테스트글685,456123,2019-04-06 15:24:25.365,,
테스트제목686,테스트글686,456123,2019-04-06 15:24:25.375,,
테스트제목687,테스트글687,456123,2019-04-06 15:24:25.385,,
테스트제목688,테스트글688,456123,2019-04-06 15:24:25.395,,
테스트제목689,테스트글689,456123,2019-04-06 15:24:25.405,,
테스트제목690,테스트글690,456123,2019-04-06 15:24:25.415,,
테스트제목691,테스트글691,456123,2019-04-06 15:24:25.425,,
테스트제목692,테스트글692,456123,2019-04-06 15:24:25.435,,
테스트제목693,테스트글693,456123,2019-04-06 15:24:25.445,,
테스트제목694,테스트글694,456123,2019-04-06 15:24:25.455,,
테스트제목695,테스트글695,456123,2019-04-06 15:24:25.465,,
테스트제목696,테스트글696,456123,2019-04-06 15:24:25.475,,
테스트제목697,테스트글697,456123,2019-04-06 15:24:25.485,,
테스트제목698,테스트글698,456123,2019-04-06 15:24:25.495,,
테스트제목699,테스트글699,456123,2019-04-06 15:24:25.505,,
테스트제목700,테스트글700,456123,2019-04-06 15:24:25.515,,
테스트제목701,테스트글701,456123,2019-04-06 15:24:25.525,,
테스트제목702,테스트글702,456123,2019-04-06 15:24:25.535,,
테스트제목703,테스트글703,456123,2019-04-06 15:24:25.545,,
테스트제목704,테스트글704,456123,2019-04-06 15:24:25.555,,
테스트제목705,테스트글705,456123,2019-04-06 15:24:25.565,,
테스트제목706,테스트글706,456123,2019-04-06 15:24:25.575,,
테스트제목707,테스트글707,456123,2019-04-06 15:24:25.585,,
테스트제목708,테스트글708,456123,2019-04-06 15:24:25.595,,
테스트제목709,테스트글709,456123,2019-04-06 15:24:25.605,,
테스트제목710,테스트글710,456123,2019-04-06 15:24:25.615,,
테스트제목711,테스트글711,456123,2019-04-06 15:24:25.625,,
테스트제목712,테스트글712,456123,2019-04-06 15:24:25.635,,
테스트제목713,테스트글713,456123,2019-04-06 15:24:25.645,,
테스트제목714,테스트글714,456123,2019-04-06 15:24:25.655,,
테스트제목715,테스트글715,456123,2019-04-06 15:24:25.665,,
테스트제목716,테스트글716,456123,2019-04-06 15:24:25.675,,
테스트제목717,테스트글717,456123,2019-04-06 15:24:25.685,,
테스트제목718,테스트글718,456123,2019-04-06 15:24:25.695,,
테스트제목719,테스트글719,456123,2019-04-06 15:24:25.705,,
테스트제목720,테스트글720,456123,2019-04-06 15:24:25.715,,
테스트제목721,테스트글721,456123,2019-04-06 15:24:25.725,,
테스트제목722,테스트글722,456123,2019-04-06 15:24:25.735,,
테스트제목723,테스트글723,456123,2019-04-06 15:24:25.745,,
테스트제목724,테스트글724,456123,2019-04-06 15:24:25.755,,
테스트제목725,테스트글725,456123,2019-04-06 15:24:25.765,,
테스트제목726,테스트글726,456123,2019-04-06 15:24:25.775,,
테스트제목727,테스트글727,456123,2019-04-06 15:24:25.785,,
테스트제목728,테스트글728,456123,2019-04-06 15:24:25.795,,
테스트제목729,테스트글729,456123,2019-04-06 15:24:25.805,,
테스트제목730,테스트글730,456123,2019-04-06 15:24:25.815,,
테스트제목731,테스트글731,456123,2019-04-06 15:24:25.825,,
테스트제목732,테스트글732,456123,2019-04-06 15:24:25.835,,
테스트제목733,테스트글733,456123,2019-04-06 15:24:25.845,,
테스트제목734,테스트글734,456123,2019-04-06 15:24:25.855,,
테스트제목735,테스트글735,456123,2019-04-06 15:24:25.865,,
테스트제목736,테스트글736,456123,2019-04-06 15:24:25.875,,
테스트제목737,테스트글737,456123,2019-04-06 15:24:25.885,,
테스트제목738,테스트글738,456123,2019-04-06 15:24:25.895,,
테스트제목739,테스트글739,456123,2019-04-06 15:24:25.905,,
테스트제목740,테스트글740,456123,2019-04-06 15:24:25.915,,
테스트제목741,테스트글741,456123,2019-04-06 15:24:25.925,,
테스트제목742,테스트글742,456123,2019-04-06 15:24:25.935,,
테스트제목743,테스트글743,456123,2019-04-06 15:24:25.945,,
테스트제목744,테스트글744,456123,2019-04-06 15:24:25.955,,
테스트제목745,테스트글745,456123,2019-04-06 15:24:25.965,,
테스트제목746,테스트글746,456123,2019-04-06 15:24:25.975,,
테스트제목747,테스트글747,456123,2019-04-06 15:24:25.985,,
테스트제목748,테스트글748,456123,2019-04-06 15:24:25.995,,
테스트제목749,테스트글749,456123,2019-04-06 15:24:26.005,,
테스트제목750,테스트글750,456123,2019-04-06 15:24:26.015,,
테스트제목751,테스트글751,456123,2019-04-06 15:24:26.025,,
테스트제목752,테스트글752,456123,2019-04-06 15:24:26.035,,
테스트제목753,테스트글753,456123,2019-04-06 15:24:26.045,,
테스트제목754,테스트글754,456123,2019-04-06 15:24:26.055,,
테스트제목755,테스트글755,456123,2019-04-06 15:24:26.065,,
테스트제목756,테스트글756,456123,2019-04-06 15:24:26.075,,
테스트제목757,테스트글757,456123,2019-04-06 15:24:26.085,,
테스트제목758,테스트글758,456123,2019-04-06 15:24:26.095,,
테스트제목759,테스트글759,456123,2019-04-06 15:24:26.105,,
테스트제목760,테스트글760,456123,2019-04-06 15:24:26.115,,
테스트제목761,테스트글761,456123,2019-04-06 15:24:26.125,,
테스트제목762,테스트글762,456123,2019-04-06 15:24:26.135,,
테스트제목763,테스트글763,456123,2019-04-06 15:24:26.145,,
테스트제목764,테스트글764,456123,2019-04-06 15:24:26.155,,
테스트제목765,테스트글765,456123,2019-04-06 15:24:26.165,,
테스트제목766,테스트글766,456123,2019-04-06 15:24:26.175,,
테스트제목767,테스트글767,456123,2019-04-06 15:24:26.185,,
테스트제목768,테스트글768,456123,2019-04-06 15:24:26.195,,
테스트제목769,테스트글769,456123,2019-04-06 15:24:26.205,,
테스트제목770,테스트글770,456123,2019-04-06 15:24:26.215,,
테스트제목771,테스트글771,456123,2019-04-06 15:24:26.225,,
테스트제목772,테스트글772,456123,2019-04-06 15:24:26.235,,
테스트제목773,테스트글773,456123,2019-04-06 15:24:26.245,,
테스트제목774,테스트글774,456123,2019-04-06 15:24:26.255,,
테스트제목775,테스트글775,456123,2019-04-06 15:24:26.265,,
테스트제목776,테스트글776,456123,2019-04-06 15:24:26.275,,
테스트제목777,테스트글777,456123,2019-04-06 15:24:26.285,,
테스트제목778,테스트글778,456123,2019-04-06 15:24:26.295,,
테스트제목779,테스트글779,456123,2019-04-06 15:24:26.305,,
테스트제목780,테스트글780,456123,2019-04-06 15:24:26.315,,
테스트제목781,테스트글781,456123,2019-04-06 15:24:26.325,,
테스트제목782,테스트글782,456123,2019-04-06 15:24:26.335,,
테스트제목783,테스트글783,456123,2019-04-06 15:24:26.345,,
테스트제목784,테스트글784,456123,2019-04-06 15:24:26.355,,
테스트제목785,테스트글785,456123,2019-04-06 15:24:26.365,,
테스트제목786,테스트글786,456123,2019-04-06 15:24:26.375,,
테스트제목787,테스트글787,456123,2019-04-06 15:24:26.385,,
테스트제목788,테스트글788,456123,2019-04-06 15:24:26.395,,
테스트제목789,테스트글789,456123,2019-04-06 15:24:26.405,,
테스트제목790,테스트글790,456123,2019-04-06 15:24:26.415,,
테스트제목791,테스트글791,456123,2019-04-06 15:24:26.425,,
테스트제목792,테스트글792,456123,2019-04-06 15:24:26.435,,
테스트제목793,테스트글793,456123,2019-04-06 15:24:26.445,,
테스트제목794,테스트글794,456123,2019-04-06 15:24:26.455,,
테스트제목795,테스트글795,456123,2019-04-06 15:24:26.465,,
테스트제목796,테스트글796,456123,2019-04-06 15:24:26.475,,
테스트제목797,테스트글797,456123,2019-04-06 15:24:26.485,,
테스트제목798,테스트글798,456123,2019-04-06 15:24:26.495,,
테스트제목799,테스트글799,456123,2019-04-06 15:24:26.505,,
테스트제목800,테스트글800,456123,2019-04-06 15:24:26.515,,
테스트제목801,테스트글801,456123,2019-04-06 15:24:26.525,,
테스트제목802,테스트글802,456123,2019-04-06 15:24:26.535,,
테스트제목803,테스트글803,456123,2019-04-06 15:24:26.545,,
테스트제목804,테스트글804,456123,2019-04-06 15:24:26.555,,
테스트제목805,테스트글805,456123,2019-04-06 15:24:26.565,,
테스트제목806,테스트글806,456123,2019-04-06 15:24:26.575,,
테스트제목807,테스트글807,456123,2019-04-06 15:24:26.585,,
테스트제목808,테스트글808,456123,2019-04-06 15:24:26.595,,
테스트제목809,테스트글809,456123,2019-04-06 15:24:26.605,,
테스트제목810,테스트글810,456123,2019-04-06 15:24:26.615,,
테스트제목811,테스트글811,456123,2019-04-06 15:24:26.625,,
테스트제목812,테스트글812,456123,2019-04-06 15:24:26.635,,
테스트제목813,테스트글813,456123,2019-04-06 15:24:26.645,,
테스트제목814,테스트글814,456123,2019-04-06 15:24:26.655,,
테스트제목815,테스트글815,456123,2019-04-06 15:24:26.665,,
테스트제목816,테스트글816,456123,2019-04-06 15:24:26.675,,
테스트제목817,테스트글817,456123,2019-04-06 15:24:26.685,,
테스트제목818,테스트글818,456123,2019-04-06 15:24:26.695,,
테스트제목819,테스트글819,456123,2019-04-06 15:24:26.705,,
테스트제목820,테스트글820,456123,2019-04-06 15:24:26.715,,
테스트제목821,테스트글821,456123,2019-04-06 15:24:26.725,,
테스트제목822,테스트글822,456123,2019-04-06 15:24:26.735,,
테스트제목823,테스트글823,456123,2019-04-06 15:24:26.745,,
테스트제목824,테스트글824,456123,2019-04-06 15:24:26.755,,
테스트제목825,테스트글825,456123,2019-04-06 15:24:26.765,,
테스트제목826,테스트글826,456123,2019-04-06 15:24:26.775,,
테스트제목827,테스트글827,456123,2019-04-06 15:24:26.785,,
테스트제목828,테스트글828,456123,2019-04-06 15:24:26.795,,
테스트제목829,테스트글829,456123,2019-04-06 15:24:26.805,,
테스트제목830,테스트글830,456123,2019-04-06 15:24:26.815,,
테스트제목831,테스트글831,456123,2019-04-06 15:24:26.825,,
테스트제목832,테스트글832,456123,2019-04-06 15:24:26.835,,
테스트제목833,테스트글833,456123,2019-04-06 15:24:26.845,,
테스트제목834,테스트글834,456123,2019-04-06 15:24:26.855,,
테스트제목835,테스트글835,456123,2019-04-06 15:24:26.865,,
테스트제목836,테스트글836,456123,2019-04-06 15:24:26.875,,
테스트제목837,테스트글837,456123,2019-04-06 15:24:26.885,,
테스트제목838,테스트글838,456123,2019-04-06 15:24:26.895,,
테스트제목839,테스트글839,456123,2019-04-06 15:24:26.905,,
테스트제목840,테스트글840,456123,2019-04-06 15:24:26.915,,
테스트제목841,테스트글841,456123,2019-04-06 15:24:26.925,,
테스트제목842,테스트글842,456123,2019-04-06 15:24:26.935,,
테스트제목843,테스트글843,456123,2019-04-06 15:24:26.945,,
테스트제목844,테스트글844,456123,2019-04-06 15:24:26.955,,
테스트제목845,테스트글845,456123,2019-04-06 15:24:26.965,,
테스트제목846,테스트글846,456123,2019-04-06 15:24:26.975,,
테스트제목847,테스트글847,456123,2019-04-06 15:24:26.985,,
테스트제목848,테스트글848,456123,2019-04-06 15:24:26.995,,
테스트제목849,테스트글849,456123,2019-04-06 15:24:27.005,,
테스트제목850,테스트글850,456123,2019-04-06 15:24:27.015,,
테스트제목851,테스트글851,456123,2019-04-06 15:24:27.025,,
테스트제목852,테스트글852,456123,2019-04-06 15:24:27.035,,
테스트제목853,테스트글853,456123,2019-04-06 15:24:27.045,,
테스트제목854,테스트글854,456123,2019-04-06 15:24:27.055,,
테스트제목855,테스트글855,456123,2019-04-06 15:24:27.065,,
테스트제목856,테스트글856,456123,2019-04-06 15:24:27.075,,
테스트제목857,테스트글857,456123,2019-04-06 15:24:27.085,,
테스트제목858,테스트글858,456123,2019-04-06 15:24:27.095,,
테스트제목859,테스트글859,456123,2019-04-06 15:24:27.105,,
테스트제목860,테스트글860,456123,2019-04-06 15:24:27.115,,
테스트제목861,테스트글861,456123,2019-04-06 15:24:27.125,,
테스트제목862,테스트글862,456123,2019-04-06 15:24:27.135,,
테스트제목863,테스트글863,456123,2019-04-06 15:24:27.145,,
테스트제목864,테스트글864,456123,2019-04-06 15:24:27.155,,
테스트제목865,테스트글865,456123,2019-04-06 15:24:27.165,,
테스트제목866,테스트글866,456123,2019-04-06 15:24:27.175,,
테스트제목867,테스트글867,456123,2019-04-06 15:24:27.185,,
테스트제목868,테스트글868,456123,2019-04-06 15:24:27.195,,
테스트제목869,테스트글869,456123,2019-04-06 15:24:27.205,,
테스트제목870,테스트글870,456123,2019-04-06 15:24:27.215,,
테스트제목871,테스트글871,456123,2019-04-06 15:24:27.225,,
테스트제목872,테스트글872,456123,2019-04-06 15:24:27.235,,
테스트제목873,테스트글873,456123,2019-04-06 15:24:27.245,,
테스트제목874,테스트글874,456123,2019-04-06 15:24:27.255,,
테스트제목875,테스트글875,456123,2019-04-06 15:24:27.265,,
테스트제목876,테스트글876,456123,2019-04-06 15:24:27.275,,
테스트제목877,테스트글877,456123,2019-04-06 15:24:27.285,,
테스트제목878,테스트글878,456123,2019-04-06 15:24:27.295,,
테스트제목879,테스트글879,456123,2019-04-06 15:24:27.305,,
테스트제목880,테스트글880,456123,2019-04-06 15:24:27.315,,
테스트제목881,테스트글881,456123,2019-04-06 15:24:27.325,,
테스트제목882,테스트글882,456123,2019-04-06 15:24:27.335,,
테스트제목883,테스트글883,456123,2019-04-06 15:24:27.345,,
테스트제목884,테스트글884,456123,2019-04-06 15:24:27.355,,
테스트제목885,테스트글885,456123,2019-04-06 15:24:27.365,,
테스트제목886,테스트글886,456123,2019-04-06 15:24:27.375,,
테스트제목887,테스트글887,456123,2019-04-06 15:24:27.385,,
테스트제목888,테스트글888,456123,2019-04-06 15:24:27.395,,
테스트제목889,테스트글889,456123,2019-04-06 15:24:27.405,,
테스트제목890,테스트글890,456123,2019-04-06 15:24:27.415,,
테스트제목891,테스트글891,456123,2019-04-06 15:24:27.425,,
테스트제목892,테스트글892,456123,2019-04-06 15:24:27.435,,
테스트제목893,테스트글893,456123,2019-04-06 15:24:27.445,,
테스트제목894,테스트글894,456123,2019-04-06 15:24:27.455,,
테스트제목895,테스트글895,456123,2019-04-06 15:24:27.465,,
테스트제목896,테스트글896,456123,2019-04-06 15:24:27.475,,
테스트제목897,테스트글897,456123,2019-04-06 15:24:27.485,,
테스트제목898,테스트글898,456123,2019-04-06 15:24:27.495,,
테스트제목899,테스트글899,456123,2019-04-06 15:24:27.505,,
테스트제목900,테스트글900,456123,2019-04-06 15:24:27.515,,
테스트제목901,테스트글901,456123,2019-04-06 15:24:27.525,,
테스트제목902,테스트글902,456123,2019-04-06 15:24:27.535,,
테스트제목903,테스트글903,456123,2019-04-06 15:24:27.545,,
테스트제목904,테스트글904,456123,2019-04-06 15:24:27.555,,
테스트제목905,테스트글905,456123,2019-04-06 15:24:27.565,,
테스트제목906,테스트글906,456123,2019-04-06 15:24:27.575,,
테스트제목907,테스트글907,456123,2019-04-06 15:24:27.585,,
테스트제목908,테스트글908,456123,2019-04-06 15:24:27.595,,
테스트제목909,테스트글909,456123,2019-04-06 15:24:27.605,,
테스트제목910,테스트글910,456123,2019-04-06 15:24:27.615,,
테스트제목911,테스트글911,456123,2019-04-06 15:24:27.625,,
테스트제목912,테스트글912,456123,2019-04-06 15:24:27.635,,
테스트제목913,테스트글913,456123,2019-04-06 15:24:27.645,,
테스트제목914,테스트글914,456123,2019-04-06 15:24:27.655,,
테스트제목915,테스트글915,456123,2019-04-06 15:24:27.665,,
테스트제목916,테스트글916,456123,2019-04-06 15:24:27.675,,
테스트제목917,테스트글917,456123,2019-04-06 15:24:27.685,,
테스트제목918,테스트글918,456123,2019-04-06 15:24:27.695,,
테스트제목919,테스트글919,456123,2019-04-06 15:24:27.705,,
테스트제목920,테스트글920,456123,2019-04-06 15:24:27.715,,
테스트제목921,테스트글921,456123,2019-04-06 15:24:27.725,,
테스트제목922,테스트글922,456123,2019-04-06 15:24:27.735,,
테스트제목923,테스트글923,456123,2019-04-06 15:24:27.745,,
테스트제목924,테스트글924,456123,2019-04-06 15:24:27.755,,
테스트제목925,테스트글925,456123,2019-04-06 15:24:27.765,,
테스트제목926,테스트글926,456123,2019-04-06 15:24:27.775,,
테스트제목927,테스트글927,456123,2019-04-06 15:24:27.785,,
테스트제목928,테스트글928,456123,2019-04-06 15:24:27.795,,
테스트제목929,테스트글929,456123,2019-04-06 15:24:27.805,,
테스트제목930,테스트글930,456123,2019-04-06 15:24:27.815,,
테스트제목931,테스트글931,456123,2019-04-06 15:24:27.825,,
테스트제목932,테스트글932,456123,2019-04-06 15:24:27.835,,
테스트제목933,테스트글933,456123,2019-04-06 15:24:27.845,,
테스트제목934,테스트글934,456123,2019-04-06 15:24:27.855,,
테스트제목935,테스트글935,456123,2019-04-06 15:24:27.865,,
테스트제목936,테스트글936,456123,2019-04-06 15:24:27.875,,
테스트제목937,테스트글937,456123,2019-04-06 15:24:27.885,,
테스트제목938,테스트글938,456123,2019-04-06 15:24:27.895,,
테스트제목939,테스트글939,456123,2019-04-06 15:24:27.905,,
테스트제목940,테스트글940,456123,2019-04-06 15:24:27.915,,
테스트제목941,테스트글941,456123,2019-04-06 15:24:27.925,,
테스트제목942,테스트글942,456123,2019-04-06 15:24:27.935,,
테스트제목943,테스트글943,456123,2019-04-06 15:24:27.945,,
테스트제목944,테스트글944,456123,2019-04-06 15:24:27.955,,
테스트제목945,테스트글945,456123,2019-04-06 15:24:27.965,,
테스트제목946,테스트글946,456123,2019-04-06 15:24:27.975,,
테스트제목947,테스트글947,456123,2019-04-06 15:24:27.985,,
테스트제목948,테스트글948,456123,2019-04-06 15:24:27.995,,
테스트제목949,테스트글949,456123,2019-04-06 15:24:28.005,,
테스트제목950,테스트글950,456123,2019-04-06 15:24:28.015,,
테스트제목951,테스트글951,456123,2019-04-06 15:24:28.025,,
테스트제목952,테스트글952,456123,2019-04-06 15:24:28.035,,
테스트제목953,테스트글953,456123,2019-04-06 15:24:28.045,,
테스트제목954,테스트글954,456123,2019-04-06 15:24:28.055,,
테스트제목955,테스트글955,456123,2019-04-06 15:24:28.065,,
테스트제목956,테스트글956,456123,2019-04-06 15:24:28.075,,
테스트제목957,테스트글957,456123,2019-04-06 15:24:28.085,,
테스트제목958,테스트글958,456123,2019-04-06 15:24:28.095,,
테스트제목959,테스트글959,456123,2019-04-06 15:24:28.105,,
테스트제목960,테스트글960,456123,2019-04-06 15:24:28.115,,
테스트제목961,테스트글961,456123,2019-04-06 15:24:28.125,,
테스트제목962,테스트글962,456123,2019-04-06 15:24:28.135,,
테스트제목963,테스트글963,456123,2019-04-06 15:24:28.145,,
테스트제목964,테스트글964,456123,2019-04-06 15:24:28.155,,
테스트제목965,테스트글965,456123,2019-04-06 15:24:28.165,,
테스트제목966,테스트글966,456123,2019-04-06 15:24:28.175,,
테스트제목967,테스트글967,456123,2019-04-06 15:24:28.185,,
테스트제목968,테스트글968,456123,2019-04-06 15:24:28.195,,
테스트제목969,테스트글969,456123,2019-04-06 15:24:28.205,,
테스트제목970,테스트글970,456123,2019-04-06 15:24:28.215,,
테스트제목971,테스트글971,456123,2019-04-06 15:24:28.225,,
테스트제목972,테스트글972,456123,2019-04-06 15:24:28.235,,
테스트제목973,테스트글973,456123,2019-04-06 15:24:28.245,,
테스트제목974,테스트글974,456123,2019-04-06 15:24:28.255,,
테스트제목975,테스트글975,456123,2019-04-06 15:24:28.265,,
테스트제목976,테스트글976,456123,2019-04-06 15:24:28.275,,
테스트제목977,테스트글977,456123,2019-04-06 15:24:28.285,,
테스트제목978,테스트글978,456123,2019-04-06 15:24:28.295,,
테스트제목979,테스트글979,456123,2019-04-06 15:24:28.305,,
테스트제목980,테스트글980,456123,2019-04-06 15:24:28.315,,
테스트제목981,테스트글981,456123,2019-04-06 15:24:28.325,,
테스트제목982,테스트글982,456123,2019-04-06 15:24:28.335,,
테스트제목983,테스트글983,456123,2019-04-06 15:24:28.345,,
테스트제목984,테스트글984,456123,2019-04-06 15:24:28.355,,
테스트제목985,테스트글985,456123,2019-04-06 15:24:28.365,,
테스트제목986,테스트글986,456123,2019-04-06 15:24:28.375,,
테스트제목987,테스트글987,456123,2019-04-06 15:24:28.385,,
테스트제목988,테스트글988,456123,2019-04-06 15:24:28.395,,
테스트제목989,테스트글989,456123,2019-04-06 15:24:28.405,,
테스트제목990,테스트글990,456123,2019-04-06 15:24:28.415,,
테스트제목991,테스트글991,456123,2019-04-06 15:24:28.425,,
테스트제목992,테스트글992,456123,2019-04-06 15:24:28.435,,
테스트제목993,테스트글993,456123,2019-04-06 15:24:28.445,,
테스트제목994,테스트글994,456123,2019-04-06 15:24:28.455,,
테스트제목995,테스트글995,456123,2019-04-06 15:24:28.465,,
테스트제목996,테스트글996,456123,2019-04-06 15:24:28.475,,
테스트제목997,테스트글997,456123,2019-04-06 15:24:28.485,,
테스트제목998,테스트글998,456123,2019-04-06 15:24:28.495,,
테스트제목999,테스트글999,456123,2019-04-06 15:24:28.505,,
테스트제목1000,테스트글1000,456123,2019-04-06 15:24:28.515,,
